REG NUMBER,VIN,MAKE,MODEL,COLLECTION DATE,YOUR REF NO,COLLECTION ADDR1,COLLECTION ADDR2,COLLECTION ADDR3,COLLECTION ADDR4,COLLECTION POSTCODE,DELIVERY DATE,DELIVERY ADDR1,DELIVERY ADDR2,DELIVERY ADDR3,DELIVERY ADDR4,DELIVERY POSTCODE,SPECIAL INSTRUCTIONS,PRICE,CUSTOMER REF,TRANSPORT TYPE
DP25FMO,WF0RXXTA3HSP35892,,TRANSIT CUSTOM,,DP25FMO,Greenhous High Ercall,Greenhous Village Osbaston,High Ercall,,TF6 6RA,,ERAC U2G2,59 HARTCLIFFE WAY,BRISTOL,BRISTOL,BS3 5RN,,,GR11,
DP25OFT,WF0EXXTTRESP72165,,TRANSIT VAN,,DP25OFT,Greenhous Upper Heyford,"Heyford Park, Bicester",Bicester,UPPER HEYFORD,OX25 5HA,,ENTERPRISE CHINGFORD U1J9,LEA VALLEY ROAD,CHINGFORD,LONDON,E4 7PX,,,GR15,
DP25MBY,WF0EXXTTRESP72011,,TRANSIT VAN,,DP25MBY,Greenhous Upper Heyford,"Heyford Park, Bicester",Bicester,UPPER HEYFORD,OX25 5HA,,ENTERPRISE CHINGFORD U1J9,LEA VALLEY ROAD,CHINGFORD,LONDON,E4 7PX,,,GR15,
DP25AFF,WF0EXXTTRESP72013,,TRANSIT VAN,,DP25AFF,Greenhous Upper Heyford,"Heyford Park, Bicester",Bicester,UPPER HEYFORD,OX25 5HA,,ENTERPRISE CHINGFORD U1J9,LEA VALLEY ROAD,CHINGFORD,LONDON,E4 7PX,,,GR15,
DP25JXO,WF0EXXTTRESP72015,,TRANSIT VAN,,DP25JXO,Greenhous Upper Heyford,"Heyford Park, Bicester",Bicester,UPPER HEYFORD,OX25 5HA,,Enterprise Hanworth,U165,25-45 Hampton Road West,Hanworth,TW13 6AP,,,GR15,
DP25MHA,WF0EXXTTRESP72167,,TRANSIT VAN,,DP25MHA,Greenhous Upper Heyford,"Heyford Park, Bicester",Bicester,UPPER HEYFORD,OX25 5HA,,Enterprise Hanworth,U165,25-45 Hampton Road West,Hanworth,TW13 6AP,,,GR15,
DL25SEO,WF0RXXTA0HSP35882,,TRANSIT CUSTOM,,DL25SEO,Greenhous Upper Heyford,"Heyford Park, Bicester",Bicester,UPPER HEYFORD,OX25 5HA,,Enterprise Hanworth,U165,25-45 Hampton Road West,Hanworth,TW13 6AP,,,GR15,
DP25NNB,WF0EXXTTRESB83873,,TRANSIT VAN,,DP25NNB,Greenhous High Ercall,Greenhous Village Osbaston,High Ercall,,TF6 6RA,,Enterprise Workingham U1C4,Molly Millars Close,Workingham,RG41 2RX,RG41 2RX,,,GR11,
DY25ORA,WF0EXXTTRESP72161,,TRANSIT VAN,,DY25ORA,Greenhous Upper Heyford,"Heyford Park, Bicester",Bicester,UPPER HEYFORD,OX25 5HA,,ERAC U154,970 ROMFORD ROAD,ILFORD,E12 5LP,E12 5LP,,,GR15,
DP25NMO,WF0EXXTTRESM67174,,TRANSIT VAN,,DP25NMO,Greenhous Upper Heyford,"Heyford Park, Bicester",Bicester,UPPER HEYFORD,OX25 5HA,,ERAC U154,970 ROMFORD ROAD,ILFORD,E12 5LP,E12 5LP,,,GR15,
DP25MBX,WF0EXXTTRESP72007,,TRANSIT VAN,,DP25MBX,Greenhous Upper Heyford,"Heyford Park, Bicester",Bicester,UPPER HEYFORD,OX25 5HA,,ERAC U154,970 ROMFORD ROAD,ILFORD,E12 5LP,E12 5LP,,,GR15,
DP25NMA,WF0EXXTTRESM67123,,TRANSIT VAN,,DP25NMA,Greenhous Upper Heyford,"Heyford Park, Bicester",Bicester,UPPER HEYFORD,OX25 5HA,,ERAC U155,5 ASCENT PARK,HARLOW,EDINBURGH WAY,CM20 2HW,,,GR15,
DP25LZX,WF0EXXTTRESP72158,,TRANSIT VAN,,DP25LZX,Greenhous Upper Heyford,"Heyford Park, Bicester",Bicester,UPPER HEYFORD,OX25 5HA,,ERAC U155,5 ASCENT PARK,HARLOW,EDINBURGH WAY,CM20 2HW,,,GR15,
DP25LZO,WF0EXXTTRESM67119,,TRANSIT VAN,,DP25LZO,Greenhous Upper Heyford,"Heyford Park, Bicester",Bicester,UPPER HEYFORD,OX25 5HA,,ERAC U155,5 ASCENT PARK,HARLOW,EDINBURGH WAY,CM20 2HW,,,GR15,
DP25LVV,WF0RXXTA9HSP35881,,TRANSIT CUSTOM,,DP25LVV,Greenhous Upper Heyford,"Heyford Park, Bicester",Bicester,UPPER HEYFORD,OX25 5HA,,ERAC U1B4,11 Bath Road Hounslow,TW6 2AA,,TW6 2AA,,,GR15,
DP25MKX,WF0EXXTTRESP72169,,TRANSIT VAN,,DP25MKX,Greenhous Upper Heyford,"Heyford Park, Bicester",Bicester,UPPER HEYFORD,OX25 5HA,,ERAC U1B4,11 Bath Road Hounslow,TW6 2AA,,TW6 2AA,,,GR15,
DP25MDX,WF0EXXTTRESP72016,,TRANSIT VAN,,DP25MDX,Greenhous Upper Heyford,"Heyford Park, Bicester",Bicester,UPPER HEYFORD,OX25 5HA,,ERAC U1B4,11 Bath Road Hounslow,TW6 2AA,,TW6 2AA,,,GR15,
DL25ZNK,WF0EXXTTRESM67145,,TRANSIT VAN,,DL25ZNK,Greenhous Upper Heyford,"Heyford Park, Bicester",Bicester,UPPER HEYFORD,OX25 5HA,,ERAC U1J8,421 Becontree Avenue,DAGENHAM,RM8 3UH,RM8 3UH,,,GR15,
DY25ORN,WF0EXXTTRESP72009,,TRANSIT VAN,,DY25ORN,Greenhous Upper Heyford,"Heyford Park, Bicester",Bicester,UPPER HEYFORD,OX25 5HA,,ERAC U1J8,421 Becontree Avenue,DAGENHAM,RM8 3UH,RM8 3UH,,,GR15,
DU25KZH,WF0EXXTTRESP72166,,TRANSIT VAN,,DU25KZH,Greenhous Upper Heyford,"Heyford Park, Bicester",Bicester,UPPER HEYFORD,OX25 5HA,,ERAC U1J8,421 Becontree Avenue,DAGENHAM,RM8 3UH,RM8 3UH,,,GR15,
DP25AEY,WF0EXXTTRESP72012,,TRANSIT VAN,,DP25AEY,Greenhous Upper Heyford,"Heyford Park, Bicester",Bicester,UPPER HEYFORD,OX25 5HA,,FINCHLEY U1G7,975 HIGH ROAD,LONDON,N12 8QR,N12 8QR,,,GR15,
DL25SDZ,WF0RXXTA4HSP35884,,TRANSIT CUSTOM,,DL25SDZ,Greenhous Upper Heyford,"Heyford Park, Bicester",Bicester,UPPER HEYFORD,OX25 5HA,,FINCHLEY U1G7,975 HIGH ROAD,LONDON,N12 8QR,N12 8QR,,,GR15,
DP25NND,WF0EXXTTRESP72170,,TRANSIT VAN,,DP25NND,Greenhous Upper Heyford,"Heyford Park, Bicester",Bicester,UPPER HEYFORD,OX25 5HA,,FINCHLEY U1G7,975 HIGH ROAD,LONDON,N12 8QR,N12 8QR,,,GR15,
DP25EEZ,WF0EXXTTRESP72022,,TRANSIT VAN,,DP25EEZ,Greenhous Upper Heyford,"Heyford Park, Bicester",Bicester,UPPER HEYFORD,OX25 5HA,,U1A3 BRACKNELL,15,Market Street,BRACKNELL,RG12 1JG,,,GR15,
DU25KZF,WF0EXXTTRESM66957,,TRANSIT VAN,,DU25KZF,Greenhous Upper Heyford,"Heyford Park, Bicester",Bicester,UPPER HEYFORD,OX25 5HA,,U1A3 BRACKNELL,15,Market Street,BRACKNELL,RG12 1JG,,,GR15,
DL25YOK,WF0RXXTA9HSP35878,,TRANSIT CUSTOM,,DL25YOK,Greenhous Upper Heyford,"Heyford Park, Bicester",Bicester,UPPER HEYFORD,OX25 5HA,,U1A3 BRACKNELL,15,Market Street,BRACKNELL,RG12 1JG,,,GR15,
